{"name":"8863a83d-c59d-408b-81c7-78d76d3f8774","id":"/providers/Microsoft.Flow/flows/8863a83d-c59d-408b-81c7-78d76d3f8774","type":"Microsoft.Flow/flows","properties":{"apiId":"/providers/Microsoft.PowerApps/apis/shared_logicflows","displayName":"Autolabel_EntireSite_WithVHIConfidential","definition":{"metadata":{"workflowEntityId":null,"processAdvisorMetadata":null,"flowChargedByPaygo":null,"flowclientsuspensionreason":"None","flowclientsuspensiontime":null,"flowclientsuspensionreasondetails":null,"creator":{"id":"7455cf91-bc5f-476a-9cdc-f5ef621bbf47","type":"User","tenantId":"83fe1687-8e3c-44fa-b2b5-37cd6736549e"},"provisioningMethod":"FromDefinition","failureAlertSubscription":true,"clientLastModifiedTime":"2023-08-14T08:57:48.1944658Z"},"$schema":"https://schema.management.azure.com/providers/Microsoft.Logic/schemas/2016-06-01/workflowdefinition.json#","contentVersion":"1.0.0.0","parameters":{"$connections":{"defaultValue":{},"type":"Object"},"$authentication":{"defaultValue":{},"type":"SecureObject"}},"triggers":{"Recurrence":{"recurrence":{"frequency":"Minute","interval":30,"timeZone":"GMT Standard Time"},"metadata":{"operationMetadataId":"ba3734b3-3b34-4f64-b6a7-ff6760052b6f"},"type":"Recurrence"}},"actions":{"Subsite":{"actions":{"Send_an_HTTP_request_to_SharePoint_11":{"runAfter":{},"metadata":{"operationMetadataId":"359cc2bc-d5f4-4e97-96ef-01c40165001e"},"type":"OpenApiConnection","inputs":{"host":{"apiId":"/providers/Microsoft.PowerApps/apis/shared_sharepointonline","connectionName":"shared_sharepointonline_1","operationId":"HttpRequest"},"parameters":{"dataset":"@variables('SiteUrl')","parameters/method":"GET","parameters/uri":"_api/web/webinfos","parameters/headers":{"content-type":"application/json"}},"authentication":"@parameters('$authentication')"}},"Parse_JSON_5":{"runAfter":{"Send_an_HTTP_request_to_SharePoint_11":["Succeeded"]},"metadata":{"operationMetadataId":"564c96b0-d427-4477-a4e6-69131eb20ac1"},"type":"ParseJson","inputs":{"content":"@body('Send_an_HTTP_request_to_SharePoint_11')","schema":{"type":"object","properties":{"d":{"type":"object","properties":{"results":{"type":"array","items":{"type":"object","properties":{"__metadata":{"type":"object","properties":{"id":{"type":"string"},"uri":{"type":"string"},"type":{"type":"string"}}},"Configuration":{"type":"integer"},"Created":{"type":"string"},"Description":{"type":"string"},"Id":{"type":"string"},"Language":{"type":"integer"},"LastItemModifiedDate":{"type":"string"},"LastItemUserModifiedDate":{"type":"string"},"ServerRelativeUrl":{"type":"string"},"Title":{"type":"string"},"WebTemplate":{"type":"string"},"WebTemplateId":{"type":"integer"}},"required":["__metadata","Configuration","Created","Description","Id","Language","LastItemModifiedDate","LastItemUserModifiedDate","ServerRelativeUrl","Title","WebTemplate","WebTemplateId"]}}}}}}}},"Apply_to_each":{"foreach":"@variables('Subsite')","actions":{"Send_an_HTTP_request_to_SharePoint_12":{"runAfter":{},"metadata":{"operationMetadataId":"359cc2bc-d5f4-4e97-96ef-01c40165001e"},"type":"OpenApiConnection","inputs":{"host":{"apiId":"/providers/Microsoft.PowerApps/apis/shared_sharepointonline","connectionName":"shared_sharepointonline_1","operationId":"HttpRequest"},"parameters":{"dataset":"@items('Apply_to_each')","parameters/method":"GET","parameters/uri":"_api/v2.1/drives","parameters/headers":{"content-type":"application/json"}},"authentication":"@parameters('$authentication')"}},"Parse_JSON":{"runAfter":{"Send_an_HTTP_request_to_SharePoint_12":["Succeeded"]},"metadata":{"operationMetadataId":"1be6b610-b975-4bfd-871c-d698c79f04b3"},"type":"ParseJson","inputs":{"content":"@body('Send_an_HTTP_request_to_SharePoint_12')","schema":{"type":"object","properties":{"value":{"type":"array","items":{"type":"object","properties":{"id":{"type":["string","null"]},"name":{"type":["string","null"]}}}}}}}},"Apply_to_each_2":{"foreach":"@body('Parse_JSON')?['value']","actions":{"Get_files_(properties_only)":{"runAfter":{},"metadata":{"operationMetadataId":"0161075a-1d4f-4fb8-a446-877092c38c4a"},"type":"OpenApiConnection","inputs":{"host":{"apiId":"/providers/Microsoft.PowerApps/apis/shared_sharepointonline","connectionName":"shared_sharepointonline_1","operationId":"GetFileItems"},"parameters":{"dataset":"@items('Apply_to_each')","table":"@items('Apply_to_each_2')?['name']","$filter":"File_x0020_Type eq 'docm' or File_x0020_Type eq 'docx' or File_x0020_Type eq 'dotm' or File_x0020_Type eq 'dotx' or File_x0020_Type eq 'pptx' or File_x0020_Type eq 'pptm' or File_x0020_Type eq 'potm' or File_x0020_Type eq 'potx' or File_x0020_Type eq 'ppsx' or File_x0020_Type eq 'xlsx' or File_x0020_Type eq 'xltx' or File_x0020_Type eq 'xltm' or File_x0020_Type eq 'xlsm' or File_x0020_Type eq 'xlsb' "},"authentication":"@parameters('$authentication')"},"runtimeConfiguration":{"paginationPolicy":{"minimumItemCount":5000}}},"Parse_JSON_2":{"runAfter":{"Get_files_(properties_only)":["Succeeded"]},"metadata":{"operationMetadataId":"df5639d2-e206-469f-82c9-d384e8f99cfd"},"type":"ParseJson","inputs":{"content":"@body('Get_files_(properties_only)')","schema":{"type":"object","properties":{"value":{"type":"array","items":{"type":"object","properties":{"@@odata.etag":{"type":["string","null"]},"ItemInternalId":{"type":["string","null"]},"ID":{"type":["integer","null"]},"Modified":{"type":["string","null"]},"Editor":{"type":"object","properties":{"@@odata.type":{"type":["string","null"]},"Claims":{"type":["string","null"]},"DisplayName":{"type":["string","null"]},"Email":{"type":["string","null"]},"Picture":{"type":["string","null"]},"Department":{"type":["string","null"]},"JobTitle":{"type":["string","null"]}}},"Editor#Claims":{"type":["string","null"]},"SharedWithUsers":{"type":"array"},"SharedWithUsers@odata.type":{"type":["string","null"]},"SharedWithUsers#Claims":{"type":"array"},"SharedWithUsers#Claims@odata.type":{"type":["string","null"]},"OData__dlc_DocId":{"type":["string","null"]},"OData__dlc_DocIdUrl":{"type":["string","null"]},"Created":{"type":["string","null"]},"Author":{"type":"object","properties":{"@@odata.type":{"type":["string","null"]},"Claims":{"type":["string","null"]},"DisplayName":{"type":["string","null"]},"Email":{"type":["string","null"]},"Picture":{"type":["string","null"]},"Department":{},"JobTitle":{}}},"Author#Claims":{"type":["string","null"]},"OData__DisplayName":{"type":["string","null"]},"{Identifier}":{"type":["string","null"]},"{IsFolder}":{"type":"boolean"},"{Thumbnail}":{"type":"object","properties":{"Large":{"type":["string","null"]},"Medium":{"type":["string","null"]},"Small":{"type":["string","null"]}}},"{Link}":{"type":["string","null"]},"{Name}":{"type":["string","null"]},"{FilenameWithExtension}":{"type":["string","null"]},"{Path}":{"type":["string","null"]},"{FullPath}":{"type":["string","null"]},"{IsCheckedOut}":{"type":"boolean"},"{VersionNumber}":{"type":["string","null"]}}}}}}}},"Condition":{"actions":{},"runAfter":{"Parse_JSON_2":["Succeeded"]},"else":{"actions":{"Apply_to_each_5":{"foreach":"@body('Parse_JSON_2')?['value']","actions":{"Get_file_metadata_using_path":{"runAfter":{},"metadata":{"operationMetadataId":"f9845eff-60c7-4845-af57-f066f786ed47"},"type":"OpenApiConnection","inputs":{"host":{"apiId":"/providers/Microsoft.PowerApps/apis/shared_sharepointonline","connectionName":"shared_sharepointonline_1","operationId":"GetFileMetadataByPath"},"parameters":{"dataset":"@items('Apply_to_each')","path":"@items('Apply_to_each_5')?['{FullPath}']"},"authentication":"@parameters('$authentication')"}},"Get_file_metadata":{"runAfter":{"Get_file_metadata_using_path":["Succeeded"]},"metadata":{"operationMetadataId":"ca33c42a-5322-4c9f-8a34-f95d639b1a9d"},"type":"OpenApiConnection","inputs":{"host":{"apiId":"/providers/Microsoft.PowerApps/apis/shared_sharepointonline","connectionName":"shared_sharepointonline_1","operationId":"GetFileMetadata"},"parameters":{"dataset":"@items('Apply_to_each')","id":"@items('Apply_to_each_5')?['{Identifier}']"},"authentication":"@parameters('$authentication')"}},"Substring":{"runAfter":{"Get_file_properties":["Succeeded"]},"metadata":{"operationMetadataId":"90bf2d4b-5974-4c6f-badd-21c3a2d64e69"},"type":"Expression","kind":"Substring","inputs":{"text":"@outputs('Get_file_metadata_using_path')?['body/ETag']","startingPosition":2,"length":36}},"Get_file_properties":{"runAfter":{"Get_file_metadata":["Succeeded"]},"metadata":{"operationMetadataId":"3ddade36-7eb2-42dc-9130-ef8f9ff8f5a0"},"type":"OpenApiConnection","inputs":{"host":{"apiId":"/providers/Microsoft.PowerApps/apis/shared_sharepointonline","connectionName":"shared_sharepointonline_1","operationId":"GetFileItem"},"parameters":{"dataset":"@items('Apply_to_each')","table":"@items('Apply_to_each_2')?['name']","id":"@outputs('Get_file_metadata')?['body/ItemId']"},"authentication":"@parameters('$authentication')"}},"Condition_2":{"actions":{"Switch":{"runAfter":{},"cases":{"Case":{"case":"Public","actions":{"Send_an_HTTP_request_to_SharePoint":{"runAfter":{},"metadata":{"operationMetadataId":"a48943b7-0721-4578-8b4f-bcb850a4f940"},"type":"OpenApiConnection","inputs":{"host":{"apiId":"/providers/Microsoft.PowerApps/apis/shared_sharepointonline","connectionName":"shared_sharepointonline_1","operationId":"HttpRequest"},"parameters":{"dataset":"@variables('SiteUrl')","parameters/method":"POST","parameters/uri":"_api/v2.1/drives/@{items('Apply_to_each_2')?['id']}/items/@{body('Substring')}/setsensitivityLabel","parameters/headers":{"content-type":"application/json"},"parameters/body":" {\n  \"id\": \"9b7f6fbc-9c7d-47be-8241-620c050e172e\",\n    \"justificationText\": \"Applying General label via API\",\n    \"assignmentMethod\": \"standard\",\n    \"ifMatchLabelId\": \"39d4a230-d22b-426b-b108-19133fff9cee\"\n}"},"authentication":"@parameters('$authentication')"}}}},"Case_2":{"case":"Private","actions":{"Send_an_HTTP_request_to_SharePoint_2":{"runAfter":{},"metadata":{"operationMetadataId":"64d54212-1bd1-4ac3-b312-db18bfa4aa42"},"type":"OpenApiConnection","inputs":{"host":{"apiId":"/providers/Microsoft.PowerApps/apis/shared_sharepointonline","connectionName":"shared_sharepointonline_1","operationId":"HttpRequest"},"parameters":{"dataset":"@variables('SiteUrl')","parameters/method":"POST","parameters/uri":"_api/v2.1/drives/@{items('Apply_to_each_2')?['id']}/items/@{body('Substring')}/setsensitivityLabel","parameters/headers":{"content-type":"application/json"},"parameters/body":" {\n  \"id\": \"9b7f6fbc-9c7d-47be-8241-620c050e172e\",\n    \"justificationText\": \"Applying General label via API\",\n    \"assignmentMethod\": \"standard\",\n    \"ifMatchLabelId\": \"5f141e65-ed35-4a8b-84ac-f2d1002b9d28\"\n}"},"authentication":"@parameters('$authentication')"}}}},"Case_3":{"case":"Highly confidential (VHI - Intramural)","actions":{"Send_an_HTTP_request_to_SharePoint_3":{"runAfter":{},"metadata":{"operationMetadataId":"aca55019-192d-4c0e-83c7-c6a768f5e534"},"type":"OpenApiConnection","inputs":{"host":{"apiId":"/providers/Microsoft.PowerApps/apis/shared_sharepointonline","connectionName":"shared_sharepointonline","operationId":"HttpRequest"},"parameters":{"dataset":"@variables('SiteUrl')","parameters/method":"POST","parameters/uri":"_api/v2.1/drives/@{items('Apply_to_each_2')?['id']}/items/@{body('Substring')}/setsensitivityLabel","parameters/body":" {\n  \"id\": \"9b7f6fbc-9c7d-47be-8241-620c050e172e\",\n    \"justificationText\": \"Applying General label via API\",\n    \"assignmentMethod\": \"standard\",\n    \"ifMatchLabelId\": \"6414adbc-9d6a-4068-8d6f-1dab12575b42\"\n}"},"authentication":"@parameters('$authentication')"}}}}},"default":{"actions":{"Send_an_HTTP_request_to_SharePoint_5":{"runAfter":{},"metadata":{"operationMetadataId":"95bd5d48-5a0f-4979-bc14-7bca8daaa34f"},"type":"OpenApiConnection","inputs":{"host":{"apiId":"/providers/Microsoft.PowerApps/apis/shared_sharepointonline","connectionName":"shared_sharepointonline_1","operationId":"HttpRequest"},"parameters":{"dataset":"@items('Apply_to_each')","parameters/method":"POST","parameters/uri":"_api/v2.1/drives/@{items('Apply_to_each_2')?['id']}/items/@{body('Substring')}/setsensitivityLabel","parameters/headers":{"content-type":"application/json"},"parameters/body":" {\n    \"id\": \"6efc7540-8ea3-4ee2-9dc4-cfeb61ced0b3\",\n    \"justificationText\": \"Applying General label via API\",\n    \"assignmentMethod\": \"standard\",\n    \"ifMatchLabelId\":\"\"\n}"},"authentication":"@parameters('$authentication')"}}}},"expression":"@items('Apply_to_each_5')?['OData__DisplayName']","metadata":{"operationMetadataId":"5837805a-9426-470b-85f3-84bad660ccc3"},"type":"Switch"},"Send_an_email_(V2)":{"runAfter":{"Switch":["Failed","TimedOut"]},"metadata":{"operationMetadataId":"b04568c9-5177-4579-aa80-75a82fb4c9a3"},"type":"OpenApiConnection","inputs":{"host":{"apiId":"/providers/Microsoft.PowerApps/apis/shared_office365","connectionName":"shared_office365_1","operationId":"SendEmailV2"},"parameters":{"emailMessage/To":"@variables('AdminEmail')","emailMessage/Subject":"Confidential Autolabelling Failed ","emailMessage/Body":"<p>Hi Admin,<br>\n<br>\nOne of the file is not able to apply label.please look in to it.<br>\n@{outputs('Get_file_metadata')?['body/Name']}<br>\n@{outputs('Get_file_metadata')?['body/Path']}<br>\n</p>","emailMessage/Importance":"Normal"},"authentication":"@parameters('$authentication')"}}},"runAfter":{"Substring":["Succeeded"]},"expression":{"or":[{"equals":["@items('Apply_to_each_5')?['OData__DisplayName']",""]},{"not":{"equals":["@items('Apply_to_each_5')?['OData__DisplayName']","Sibin Confidential"]}}]},"metadata":{"operationMetadataId":"3236911d-2983-4ccb-85fe-da7093979d9d"},"type":"If"}},"runAfter":{},"metadata":{"operationMetadataId":"4ca9af8e-b076-4f06-beca-4e7e2935852f"},"type":"Foreach"}}},"expression":{"equals":["@empty(body('Parse_JSON_2')?['value'])",true]},"metadata":{"operationMetadataId":"441d1444-a31a-4b6f-b751-9ff996429988"},"type":"If"}},"runAfter":{"Parse_JSON":["Succeeded"]},"metadata":{"operationMetadataId":"ffc4e4c9-96c9-4dd9-ac6b-c18766661190"},"type":"Foreach"}},"runAfter":{"Apply_to_each_6":["Succeeded"]},"metadata":{"operationMetadataId":"ffc4e4c9-96c9-4dd9-ac6b-c18766661190"},"type":"Foreach"},"Apply_to_each_6":{"foreach":"@body('Parse_JSON_5')?['d']?['results']","actions":{"Append_to_array_variable":{"runAfter":{},"metadata":{"operationMetadataId":"ee83aaad-803a-441a-9528-87513628a3bc"},"type":"AppendToArrayVariable","inputs":{"name":"Subsite","value":"@concat(variables('SiteUrl'), '/', items('Apply_to_each_6')?['Title'])"}}},"runAfter":{"Parse_JSON_5":["Succeeded"]},"metadata":{"operationMetadataId":"1c93d0d7-3bfe-467d-822b-a12a7868a7a7"},"type":"Foreach"}},"runAfter":{"Initialize_variable":["Succeeded"]},"metadata":{"operationMetadataId":"076774be-7be7-42e6-b15d-c283d4d44234"},"type":"Scope"},"Send_an_email_(V2)_2":{"runAfter":{"Subsite":["Succeeded"]},"metadata":{"operationMetadataId":"fbabf5e6-2afb-4733-be71-5b8196e81376"},"type":"OpenApiConnection","inputs":{"host":{"apiId":"/providers/Microsoft.PowerApps/apis/shared_office365","connectionName":"shared_office365_1","operationId":"SendEmailV2"},"parameters":{"emailMessage/To":"@variables('AdminEmail')","emailMessage/Subject":"Autolabel Flow  for Confidential site Failed","emailMessage/Body":"<p>Hi Admin,<br>\nYour flow failed .please look In to the issue.</p>","emailMessage/Importance":"Normal"},"authentication":"@parameters('$authentication')"}},"Define_Site_URL":{"runAfter":{},"metadata":{"operationMetadataId":"c8033aa2-f528-4345-b1d5-20802f81fcc2"},"type":"InitializeVariable","inputs":{"variables":[{"name":"SiteUrl","type":"string","value":"https://60b2jm.sharepoint.com/sites/VHI_HighlyConfidential-label"}]}},"Define_Admin_Email":{"runAfter":{"Define_Site_URL":["Succeeded"]},"metadata":{"operationMetadataId":"519b3701-cb10-4210-be84-494e84116ad1"},"type":"InitializeVariable","inputs":{"variables":[{"name":"AdminEmail","type":"string","value":"sibinleo@60b2jm.onmicrosoft.com"}]}},"RootSite":{"actions":{"Send_an_HTTP_request_to_SharePoint_4":{"runAfter":{},"metadata":{"operationMetadataId":"359cc2bc-d5f4-4e97-96ef-01c40165001e"},"type":"OpenApiConnection","inputs":{"host":{"apiId":"/providers/Microsoft.PowerApps/apis/shared_sharepointonline","connectionName":"shared_sharepointonline_1","operationId":"HttpRequest"},"parameters":{"dataset":"@variables('SiteUrl')","parameters/method":"GET","parameters/uri":"_api/v2.1/drives","parameters/headers":{"content-type":"application/json"}},"authentication":"@parameters('$authentication')"}},"Parse_JSON_3":{"runAfter":{"Send_an_HTTP_request_to_SharePoint_4":["Succeeded"]},"metadata":{"operationMetadataId":"1be6b610-b975-4bfd-871c-d698c79f04b3"},"type":"ParseJson","inputs":{"content":"@body('Send_an_HTTP_request_to_SharePoint_4')","schema":{"type":"object","properties":{"value":{"type":"array","items":{"type":"object","properties":{"id":{"type":["string","null"]},"name":{"type":["string","null"]}}}}}}}},"Apply_to_each_3":{"foreach":"@body('Parse_JSON_3')?['value']","actions":{"Get_files_(properties_only)_2":{"runAfter":{},"metadata":{"operationMetadataId":"0161075a-1d4f-4fb8-a446-877092c38c4a"},"type":"OpenApiConnection","inputs":{"host":{"apiId":"/providers/Microsoft.PowerApps/apis/shared_sharepointonline","connectionName":"shared_sharepointonline_1","operationId":"GetFileItems"},"parameters":{"dataset":"@variables('SiteUrl')","table":"@items('Apply_to_each_3')?['name']","$filter":"File_x0020_Type eq 'docm' or File_x0020_Type eq 'docx' or File_x0020_Type eq 'dotm' or File_x0020_Type eq 'dotx' or File_x0020_Type eq 'pptx' or File_x0020_Type eq 'pptm' or File_x0020_Type eq 'potm' or File_x0020_Type eq 'potx' or File_x0020_Type eq 'ppsx' or File_x0020_Type eq 'xlsx' or File_x0020_Type eq 'xltx' or File_x0020_Type eq 'xltm' or File_x0020_Type eq 'xlsm' or File_x0020_Type eq 'xlsb' "},"authentication":"@parameters('$authentication')"},"runtimeConfiguration":{"paginationPolicy":{"minimumItemCount":5000}}},"Parse_JSON_4":{"runAfter":{"Filter_array_2":["Succeeded"]},"metadata":{"operationMetadataId":"df5639d2-e206-469f-82c9-d384e8f99cfd"},"type":"ParseJson","inputs":{"content":"@body('Get_files_(properties_only)_2')","schema":{"type":"object","properties":{"value":{"type":"array","items":{"type":"object","properties":{"@@odata.etag":{"type":["string","null"]},"ItemInternalId":{"type":["string","null"]},"ID":{"type":["integer","null"]},"Modified":{"type":["string","null"]},"Editor":{"type":"object","properties":{"@@odata.type":{"type":["string","null"]},"Claims":{"type":["string","null"]},"DisplayName":{"type":["string","null"]},"Email":{"type":["string","null"]},"Picture":{"type":["string","null"]},"Department":{"type":["string","null"]},"JobTitle":{"type":["string","null"]}}},"Editor#Claims":{"type":["string","null"]},"SharedWithUsers":{"type":"array"},"SharedWithUsers@odata.type":{"type":["string","null"]},"SharedWithUsers#Claims":{"type":"array"},"SharedWithUsers#Claims@odata.type":{"type":["string","null"]},"OData__dlc_DocId":{"type":["string","null"]},"OData__dlc_DocIdUrl":{"type":["string","null"]},"Created":{"type":["string","null"]},"Author":{"type":"object","properties":{"@@odata.type":{"type":["string","null"]},"Claims":{"type":["string","null"]},"DisplayName":{"type":["string","null"]},"Email":{"type":["string","null"]},"Picture":{"type":["string","null"]},"Department":{},"JobTitle":{}}},"Author#Claims":{"type":["string","null"]},"OData__DisplayName":{"type":["string","null"]},"{Identifier}":{"type":["string","null"]},"{IsFolder}":{"type":"boolean"},"{Thumbnail}":{"type":"object","properties":{"Large":{"type":["string","null"]},"Medium":{"type":["string","null"]},"Small":{"type":["string","null"]}}},"{Link}":{"type":["string","null"]},"{Name}":{"type":["string","null"]},"{FilenameWithExtension}":{"type":["string","null"]},"{Path}":{"type":["string","null"]},"{FullPath}":{"type":["string","null"]},"{IsCheckedOut}":{"type":"boolean"},"{VersionNumber}":{"type":["string","null"]}}}}}}}},"Condition_3":{"actions":{},"runAfter":{"Parse_JSON_4":["Succeeded"]},"else":{"actions":{"Apply_to_each_4":{"foreach":"@body('Parse_JSON_4')?['value']","actions":{"Get_file_metadata_using_path_2":{"runAfter":{},"metadata":{"operationMetadataId":"f9845eff-60c7-4845-af57-f066f786ed47"},"type":"OpenApiConnection","inputs":{"host":{"apiId":"/providers/Microsoft.PowerApps/apis/shared_sharepointonline","connectionName":"shared_sharepointonline_1","operationId":"GetFileMetadataByPath"},"parameters":{"dataset":"@variables('SiteUrl')","path":"@items('Apply_to_each_4')?['{FullPath}']"},"authentication":"@parameters('$authentication')"}},"Get_file_metadata_2":{"runAfter":{"Get_file_metadata_using_path_2":["Succeeded"]},"metadata":{"operationMetadataId":"ca33c42a-5322-4c9f-8a34-f95d639b1a9d"},"type":"OpenApiConnection","inputs":{"host":{"apiId":"/providers/Microsoft.PowerApps/apis/shared_sharepointonline","connectionName":"shared_sharepointonline_1","operationId":"GetFileMetadata"},"parameters":{"dataset":"@variables('SiteUrl')","id":"@items('Apply_to_each_4')?['{Identifier}']"},"authentication":"@parameters('$authentication')"}},"Substring_2":{"runAfter":{"Get_file_properties_2":["Succeeded"]},"metadata":{"operationMetadataId":"90bf2d4b-5974-4c6f-badd-21c3a2d64e69"},"type":"Expression","kind":"Substring","inputs":{"text":"@outputs('Get_file_metadata_using_path_2')?['body/ETag']","startingPosition":2,"length":36}},"Get_file_properties_2":{"runAfter":{"Get_file_metadata_2":["Succeeded"]},"metadata":{"operationMetadataId":"3ddade36-7eb2-42dc-9130-ef8f9ff8f5a0"},"type":"OpenApiConnection","inputs":{"host":{"apiId":"/providers/Microsoft.PowerApps/apis/shared_sharepointonline","connectionName":"shared_sharepointonline_1","operationId":"GetFileItem"},"parameters":{"dataset":"@variables('SiteUrl')","table":"@items('Apply_to_each_3')?['name']","id":"@outputs('Get_file_metadata_2')?['body/ItemId']"},"authentication":"@parameters('$authentication')"}},"Condition_4":{"actions":{"Switch_2":{"runAfter":{},"cases":{"Case":{"case":"Public","actions":{"Send_an_HTTP_request_to_SharePoint_6":{"runAfter":{},"metadata":{"operationMetadataId":"a48943b7-0721-4578-8b4f-bcb850a4f940"},"type":"OpenApiConnection","inputs":{"host":{"apiId":"/providers/Microsoft.PowerApps/apis/shared_sharepointonline","connectionName":"shared_sharepointonline_1","operationId":"HttpRequest"},"parameters":{"dataset":"@variables('SiteUrl')","parameters/method":"POST","parameters/uri":"_api/v2.1/drives/@{items('Apply_to_each_3')?['id']}/items/@{body('Substring_2')}/setsensitivityLabel","parameters/headers":{"content-type":"application/json"},"parameters/body":" {\n  \"id\": \"9b7f6fbc-9c7d-47be-8241-620c050e172e\",\n    \"justificationText\": \"Applying General label via API\",\n    \"assignmentMethod\": \"standard\",\n    \"ifMatchLabelId\": \"39d4a230-d22b-426b-b108-19133fff9cee\"\n}"},"authentication":"@parameters('$authentication')"}}}},"Case_2":{"case":"Private","actions":{"Send_an_HTTP_request_to_SharePoint_8":{"runAfter":{},"metadata":{"operationMetadataId":"64d54212-1bd1-4ac3-b312-db18bfa4aa42"},"type":"OpenApiConnection","inputs":{"host":{"apiId":"/providers/Microsoft.PowerApps/apis/shared_sharepointonline","connectionName":"shared_sharepointonline_1","operationId":"HttpRequest"},"parameters":{"dataset":"@variables('SiteUrl')","parameters/method":"POST","parameters/uri":"_api/v2.1/drives/@{items('Apply_to_each_3')?['id']}/items/@{body('Substring_2')}/setsensitivityLabel","parameters/headers":{"content-type":"application/json"},"parameters/body":" {\n  \"id\": \"9b7f6fbc-9c7d-47be-8241-620c050e172e\",\n    \"justificationText\": \"Applying General label via API\",\n    \"assignmentMethod\": \"standard\",\n    \"ifMatchLabelId\": \"5f141e65-ed35-4a8b-84ac-f2d1002b9d28\"\n}"},"authentication":"@parameters('$authentication')"}}}},"Case_3":{"case":"Highly confidential (VHI - Intramural)","actions":{"Send_an_HTTP_request_to_SharePoint_9":{"runAfter":{},"metadata":{"operationMetadataId":"aca55019-192d-4c0e-83c7-c6a768f5e534"},"type":"OpenApiConnection","inputs":{"host":{"apiId":"/providers/Microsoft.PowerApps/apis/shared_sharepointonline","connectionName":"shared_sharepointonline","operationId":"HttpRequest"},"parameters":{"dataset":"@variables('SiteUrl')","parameters/method":"POST","parameters/uri":"_api/v2.1/drives/@{items('Apply_to_each_3')?['id']}/items/@{body('Substring_2')}/setsensitivityLabel","parameters/body":" {\n  \"id\": \"9b7f6fbc-9c7d-47be-8241-620c050e172e\",\n    \"justificationText\": \"Applying General label via API\",\n    \"assignmentMethod\": \"standard\",\n    \"ifMatchLabelId\": \"6414adbc-9d6a-4068-8d6f-1dab12575b42\"\n}"},"authentication":"@parameters('$authentication')"}}}}},"default":{"actions":{"Send_an_HTTP_request_to_SharePoint_10":{"runAfter":{},"metadata":{"operationMetadataId":"95bd5d48-5a0f-4979-bc14-7bca8daaa34f"},"type":"OpenApiConnection","inputs":{"host":{"apiId":"/providers/Microsoft.PowerApps/apis/shared_sharepointonline","connectionName":"shared_sharepointonline_1","operationId":"HttpRequest"},"parameters":{"dataset":"@variables('SiteUrl')","parameters/method":"POST","parameters/uri":"_api/v2.1/drives/@{items('Apply_to_each_3')?['id']}/items/@{body('Substring_2')}/setsensitivityLabel","parameters/headers":{"content-type":"application/json"},"parameters/body":" {\n    \"id\": \"6efc7540-8ea3-4ee2-9dc4-cfeb61ced0b3\",\n    \"justificationText\": \"Applying General label via API\",\n    \"assignmentMethod\": \"standard\",\n    \"ifMatchLabelId\":\"\"\n}"},"authentication":"@parameters('$authentication')"}}}},"expression":"@items('Apply_to_each_4')?['OData__DisplayName']","metadata":{"operationMetadataId":"5837805a-9426-470b-85f3-84bad660ccc3"},"type":"Switch"},"Send_an_email_(V2)_3":{"runAfter":{"Switch_2":["Failed","TimedOut"]},"metadata":{"operationMetadataId":"b04568c9-5177-4579-aa80-75a82fb4c9a3"},"type":"OpenApiConnection","inputs":{"host":{"apiId":"/providers/Microsoft.PowerApps/apis/shared_office365","connectionName":"shared_office365_1","operationId":"SendEmailV2"},"parameters":{"emailMessage/To":"@variables('AdminEmail')","emailMessage/Subject":"Confidential Autolabelling Failed ","emailMessage/Body":"<p>Hi Admin,<br>\n<br>\nOne of the file is not able to apply label.please look in to it.<br>\n@{outputs('Get_file_metadata_2')?['body/Name']}<br>\n@{outputs('Get_file_metadata_2')?['body/Path']}<br>\n</p>","emailMessage/Importance":"Normal"},"authentication":"@parameters('$authentication')"}}},"runAfter":{"Substring_2":["Succeeded"]},"expression":{"or":[{"equals":["@items('Apply_to_each_4')?['OData__DisplayName']",""]},{"not":{"equals":["@items('Apply_to_each_4')?['OData__DisplayName']","Sibin Confidential"]}}]},"metadata":{"operationMetadataId":"3236911d-2983-4ccb-85fe-da7093979d9d"},"type":"If"}},"runAfter":{},"metadata":{"operationMetadataId":"4ca9af8e-b076-4f06-beca-4e7e2935852f"},"type":"Foreach"}}},"expression":{"equals":["@empty(body('Parse_JSON_4')?['value'])",true]},"metadata":{"operationMetadataId":"441d1444-a31a-4b6f-b751-9ff996429988"},"type":"If"},"Filter_array_2":{"runAfter":{"Get_files_(properties_only)_2":["Succeeded"]},"metadata":{"operationMetadataId":"cb0e0bce-d98a-480e-a405-ae9506c67f40"},"type":"Query","inputs":{"from":"@outputs('Get_files_(properties_only)_2')?['body/value']","where":"@equals(outputs('Get_files_(properties_only)_2')?['OData__DisplayName'], 'Sibin Confidential')"}}},"runAfter":{"Parse_JSON_3":["Succeeded"]},"metadata":{"operationMetadataId":"ffc4e4c9-96c9-4dd9-ac6b-c18766661190"},"type":"Foreach"}},"runAfter":{"Initialize_variable":["Succeeded"]},"metadata":{"operationMetadataId":"076774be-7be7-42e6-b15d-c283d4d44234"},"type":"Scope"},"Send_an_email_(V2)_4":{"runAfter":{"RootSite":["Succeeded"]},"metadata":{"operationMetadataId":"fbabf5e6-2afb-4733-be71-5b8196e81376"},"type":"OpenApiConnection","inputs":{"host":{"apiId":"/providers/Microsoft.PowerApps/apis/shared_office365","connectionName":"shared_office365_1","operationId":"SendEmailV2"},"parameters":{"emailMessage/To":"@variables('AdminEmail')","emailMessage/Subject":"Autolabel Flow  for Confidential site Failed","emailMessage/Body":"<p>Hi Admin,<br>\nYour flow failed .please look In to the issue.</p>","emailMessage/Importance":"Normal"},"authentication":"@parameters('$authentication')"}},"Initialize_variable":{"runAfter":{"Define_Admin_Email":["Succeeded"]},"metadata":{"operationMetadataId":"97613b2a-269e-4729-aca4-8956f164f310"},"type":"InitializeVariable","inputs":{"variables":[{"name":"Subsite","type":"array"}]}}}},"connectionReferences":{"shared_sharepointonline_1":{"connectionName":"c678a8cd32514d0b87d50b226a0ab61c","source":"Embedded","id":"/providers/Microsoft.PowerApps/apis/shared_sharepointonline","tier":"NotSpecified"},"shared_sharepointonline":{"connectionName":"c678a8cd32514d0b87d50b226a0ab61c","source":"Embedded","id":"/providers/Microsoft.PowerApps/apis/shared_sharepointonline","tier":"NotSpecified"},"shared_office365_1":{"connectionName":"shared-office365-e538542f-fd85-44f4-8645-6857735ce2c1","source":"Embedded","id":"/providers/Microsoft.PowerApps/apis/shared_office365","tier":"NotSpecified"}},"flowFailureAlertSubscribed":false,"isManaged":false}}